hgnc_id	symbol	score
HGNC:15886	AAR2	1
HGNC:49667	ABALON	1
HGNC:15868	ABHD12	1
HGNC:16128	ABHD16B	1
HGNC:15919	ACOT8	1
HGNC:16091	ACSS1	1
HGNC:15814	ACSS2	1
HGNC:148	ACTG1P3	1
HGNC:16127	ACTL10	1
HGNC:14671	ACTR5	1
HGNC:186	ADA	1
HGNC:15478	ADAM33	1
HGNC:52339	ADI1P1	1
HGNC:28606	ADIG	1
HGNC:15766	ADNP	1
HGNC:51227	ADNP-AS1	1
HGNC:280	ADRA1D	1
HGNC:15759	ADRM1	1
HGNC:51747	AGGF1P10	1
HGNC:343	AHCY	1
HGNC:16543	AIMP1P1	1
HGNC:34539	ALS7	1
HGNC:487	ANGPT4	1
HGNC:15803	ANKEF1	1
HGNC:52329	ANKRD20A21P	1
HGNC:16217	ANKRD60	1
HGNC:15875	AP5S1	1
HGNC:26892	APCDD1L	1
HGNC:27152	APCDD1L-AS1	1
HGNC:13238	APMAP	1
HGNC:16599	ARF4P2	1
HGNC:15852	ARFGAP1	1
HGNC:15853	ARFGEF2	1
HGNC:662	ARFRP1	1
HGNC:16226	ARHGAP40	1
HGNC:16092	ARPC3P1	1
HGNC:745	ASIP	1
HGNC:18318	ASXL1	1
HGNC:31123	ATG3P1	1
HGNC:838	ATP5F1E	1
HGNC:13540	ATP9A	1
HGNC:885	ATRN	1
HGNC:11393	AURKA	1
HGNC:894	AVP	1
HGNC:928	B4GALT5	1
HGNC:996	BAK1P1	1
HGNC:16172	BANF2	1
HGNC:974	BCAS1	1
HGNC:14367	BCAS4	1
HGNC:992	BCL2L1	1
HGNC:1040	BFSP1	1
HGNC:16093	BHLHE23	1
HGNC:13702	BIRC7	1
HGNC:1055	BLCAP	1
HGNC:22120	BMIQ6	1
HGNC:1069	BMP2	1
HGNC:1074	BMP7	1
HGNC:40096	BMP7-AS1	1
HGNC:1095	BPI	1
HGNC:15749	BPIFA1	1
HGNC:16203	BPIFA2	1
HGNC:16204	BPIFA3	1
HGNC:20469	BPIFA4P	1
HGNC:16108	BPIFB1	1
HGNC:16177	BPIFB2	1
HGNC:16178	BPIFB3	1
HGNC:16179	BPIFB4	1
HGNC:42177	BPIFB5P	1
HGNC:16504	BPIFB6	1
HGNC:16109	BPIFB9P	1
HGNC:51536	BSNDP1	1
HGNC:51537	BSNDP2	1
HGNC:51538	BSNDP3	1
HGNC:15854	BTBD3	1
HGNC:15873	C20orf27	1
HGNC:16210	C20orf78	1
HGNC:16216	C20orf85	1
HGNC:16227	C20orf96	1
HGNC:16134	C20orf141	1
HGNC:16137	C20orf144	1
HGNC:16166	C20orf173	1
HGNC:16174	C20orf181	1
HGNC:16180	C20orf187	1
HGNC:17721	C20orf194	1
HGNC:26318	C20orf196	1
HGNC:26601	C20orf197	1
HGNC:37254	C20orf202	1
HGNC:26592	C20orf203	1
HGNC:27655	C20orf204	1
HGNC:16143	CABLES2	1
HGNC:49477	CASC20	1
HGNC:15878	CASS4	1
HGNC:1536	CBFA2T2	1
HGNC:16231	CBLN4	1
HGNC:16153	CCM2L	1
HGNC:37694	CCNB1IP1P2	1
HGNC:1648	CD24P3	1
HGNC:11919	CD40	1
HGNC:15855	CD93	1
HGNC:1726	CDC25B	1
HGNC:51754	CDC27P3	1
HGNC:51753	CDC27P4	1
HGNC:51755	CDC27P5	1
HGNC:16339	CDC42P1	1
HGNC:1763	CDH4	1
HGNC:13251	CDH22	1
HGNC:15902	CDH26	1
HGNC:15880	CDK5RAP1	1
HGNC:1801	CDS2	1
HGNC:1834	CEBPB	1
HGNC:51226	CEBPB-AS1	1
HGNC:1852	CENPB	1
HGNC:1859	CEP250	1
HGNC:15872	CFAP61	1
HGNC:16182	CFTRP1	1
HGNC:51351	CFTRP2	1
HGNC:51352	CFTRP3	1
HGNC:19057	CHD6	1
HGNC:1930	CHGB	1
HGNC:16171	CHMP4B	1
HGNC:1958	CHRNA4	1
HGNC:37753	CICP4	1
HGNC:16145	CNBD2	1
HGNC:2219	COL9A3	1
HGNC:14670	COL20A1	1
HGNC:16223	COMMD7	1
HGNC:16232	COX4I2	1
HGNC:16600	COX6CP2	1
HGNC:16601	COX7BP2	1
HGNC:2314	CPNE1	1
HGNC:15771	CPXM1	1
HGNC:16148	CRLS1	1
HGNC:15762	CRNKL1	1
HGNC:2431	CSE1L	1
HGNC:51232	CSE1L-AS1	1
HGNC:2457	CSNK2A1	1
HGNC:2473	CST1	1
HGNC:2474	CST2	1
HGNC:45042	CST2P1	1
HGNC:2475	CST3	1
HGNC:2476	CST4	1
HGNC:2477	CST5	1
HGNC:2479	CST7	1
HGNC:2480	CST8	1
HGNC:13261	CST9	1
HGNC:16233	CST9L	1
HGNC:39552	CST9LP1	1
HGNC:44337	CST9LP2	1
HGNC:15959	CST11	1
HGNC:31920	CST12P	1
HGNC:44335	CST13P	1
HGNC:2483	CSTF1	1
HGNC:15958	CSTL1	1
HGNC:2486	CSTP1	1
HGNC:2487	CSTP2	1
HGNC:16234	CTCFL	1
HGNC:15879	CTNNBL1	1
HGNC:9251	CTSA	1
HGNC:2547	CTSZ	1
HGNC:2575	CYB5AP4	1
HGNC:2602	CYP24A1	1
HGNC:15881	DBNDD2	1
HGNC:16110	DDRGK1	1
HGNC:37112	DDX11L13	1
HGNC:15837	DDX27	1
HGNC:18096	DEFB115	1
HGNC:18097	DEFB116	1
HGNC:18098	DEFB117	1
HGNC:16196	DEFB118	1
HGNC:18099	DEFB119	1
HGNC:18101	DEFB121	1
HGNC:18102	DEFB122	1
HGNC:18103	DEFB123	1
HGNC:18104	DEFB124	1
HGNC:18105	DEFB125	1
HGNC:15900	DEFB126	1
HGNC:16206	DEFB127	1
HGNC:18106	DEFB128	1
HGNC:16218	DEFB129	1
HGNC:33806	DEFB132	1
HGNC:28113	DFNB65	1
HGNC:15861	DHX35	1
HGNC:2680	DIDO1	1
HGNC:16593	DKKL1P1	1
HGNC:24476	DLGAP4	1
HGNC:51223	DLGAP4-AS1	1
HGNC:16235	DNAJC5	1
HGNC:2979	DNMT3B	1
HGNC:16160	DNTTIP1	1
HGNC:16173	DOK5	1
HGNC:16136	DPH3P1	1
HGNC:3005	DPM1	1
HGNC:16165	DSN1	1
HGNC:15750	DSTN	1
HGNC:16219	DTD1	1
HGNC:16236	DUSP15	1
HGNC:51771	DUX4L32	1
HGNC:51789	DUX4L33	1
HGNC:51772	DUX4L34	1
HGNC:51773	DUX4L35	1
HGNC:51774	DUX4L36	1
HGNC:51775	DUX4L37	1
HGNC:51776	DUX4L38	1
HGNC:51777	DUX4L39	1
HGNC:32186	DUXAP7	1
HGNC:15468	DYNLRB1	1
HGNC:16571	DYNLT3P1	1
HGNC:35416	DYT17	1
HGNC:15858	DZANK1	1
HGNC:3113	E2F1	1
HGNC:29278	EBF4	1
HGNC:15877	EDEM2	1
HGNC:3178	EDN3	1
HGNC:37912	EEF1A1P34	1
HGNC:3192	EEF1A2	1
HGNC:3215	EEGV1	1
HGNC:34532	EFCAB8	1
HGNC:3266	EIF2S2	1
HGNC:16237	EIF4E2P1	1
HGNC:16596	EIF4EBP2P1	1
HGNC:3292	EIF4EP1	1
HGNC:6159	EIF6	1
HGNC:17233	ELMO2	1
HGNC:16123	EMILIN3	1
HGNC:16588	ENSAP1	1
HGNC:3368	ENTPD6	1
HGNC:3378	EPB41L1	1
HGNC:15932	EPPIN	1
HGNC:38825	EPPIN-WFDC6	1
HGNC:15927	ERGIC3	1
HGNC:24625	ERP29P1	1
HGNC:39113	ERVK3-8	1
HGNC:15898	ESF1	1
HGNC:3520	EYA2	1
HGNC:16121	FAM83C	1
HGNC:16113	FAM83C-AS1	1
HGNC:16122	FAM83D	1
HGNC:16188	FAM110A	1
HGNC:16222	FAM182A	1
HGNC:34503	FAM182B	1
HGNC:16100	FAM209A	1
HGNC:16101	FAM209B	1
HGNC:16102	FAM210B	1
HGNC:16170	FAM217B	1
HGNC:25790	FASTKD5	1
HGNC:16582	FAT1P1	1
HGNC:3640	FDX1P1	1
HGNC:15801	FER1L4	1
HGNC:15889	FERMT1	1
HGNC:37948	FGFR3P3	1
HGNC:16135	FITM2	1
HGNC:3711	FKBP1A	1
HGNC:41997	FKBP1A-SDCBP2	1
HGNC:3762	FLRT3	1
HGNC:28764	FNDC11	1
HGNC:5022	FOXA2	1
HGNC:3735	FOXS1	1
HGNC:3881	FRA20A	1
HGNC:3882	FRA20B	1
HGNC:15792	FRG1BP	1
HGNC:51762	FRG1CP	1
HGNC:51763	FRG1DP	1
HGNC:51764	FRG1EP	1
HGNC:51365	FRG2EP	1
HGNC:16547	FTLP1	1
HGNC:4000	FTLP3	1
HGNC:16577	GAPDHP2	1
HGNC:38559	GAPDHP53	1
HGNC:38560	GAPDHP54	1
HGNC:15802	GATA5	1
HGNC:16532	GCNT1P1	1
HGNC:16099	GCNT7	1
HGNC:4213	GDAP1L1	1
HGNC:4220	GDF5	1
HGNC:33435	GDF5OS	1
HGNC:13821	GFRA4	1
HGNC:4259	GGT7	1
HGNC:16437	GGTLC1	1
HGNC:4265	GHRH	1
HGNC:15857	GID8	1
HGNC:28980	GINS1	1
HGNC:21341	GLC1K	1
HGNC:16544	GLRXP1	1
HGNC:4371	GMEB2	1
HGNC:4392	GNAS	1
HGNC:24872	GNAS-AS1	1
HGNC:4420	GNRH2	1
HGNC:26957	GPCPD1	1
HGNC:4624	GSS	1
HGNC:16606	GSTM3P1	1
HGNC:16198	GTSF1L	1
HGNC:15808	GZF1	1
HGNC:4809	HAO1	1
HGNC:33117	HAR1A	1
HGNC:33118	HAR1B	1
HGNC:43765	HAUS6P2	1
HGNC:4840	HCK	1
HGNC:30021	HELZ2	1
HGNC:43010	HIGD1AP15	1
HGNC:43011	HIGD1AP16	1
HGNC:16435	HM13	1
HGNC:41940	HM13-AS1	1
HGNC:41424	HM13-IT1	1
HGNC:4993	HMGB1P1	1
HGNC:16240	HMGB3P1	1
HGNC:16574	HMGB3P2	1
HGNC:5024	HNF4A	1
HGNC:49505	HNF4A-AS1	1
HGNC:16567	HNRNPA1P3	1
HGNC:16605	HNRNPA3P2	1
HGNC:5184	HRH3	1
HGNC:16193	HSPA12B	1
HGNC:38590	HSPD1P19	1
HGNC:38592	HSPD1P21	1
HGNC:16530	HSPE1P1	1
HGNC:5280	HTL	1
HGNC:5360	ID1	1
HGNC:5385	IDH3B	1
HGNC:15901	IFT52	1
HGNC:6090	INSM1	1
HGNC:49850	IQSEC3P3	1
HGNC:16213	ISM1	1
HGNC:44313	ISM1-AS1	1
HGNC:13890	ITCH	1
HGNC:40659	ITCH-AS1	1
HGNC:41397	ITCH-IT1	1
HGNC:6176	ITPA	1
HGNC:6188	JAG1	1
HGNC:14202	JPH2	1
HGNC:52337	KANK1P1	1
HGNC:15904	KAT14	1
HGNC:6231	KCNB1	1
HGNC:6248	KCNG1	1
HGNC:13814	KCNK15	1
HGNC:49901	KCNK15-AS1	1
HGNC:6296	KCNQ2	1
HGNC:6300	KCNS1	1
HGNC:29372	KIAA1755	1
HGNC:6320	KIF3B	1
HGNC:15869	KIF16B	1
HGNC:15865	KIZ	1
HGNC:51231	KIZ-AS1	1
HGNC:16540	KRT18P3	1
HGNC:16604	KRT18P4	1
HGNC:15905	L3MBTL1	1
HGNC:6485	LAMA5	1
HGNC:40334	LAMA5-AS1	1
HGNC:16097	LAMP5	1
HGNC:40754	LAMP5-AS1	1
HGNC:6517	LBP	1
HGNC:26016	LIME1	1
HGNC:38057	LIN28AP3	1
HGNC:16224	LINC00028	1
HGNC:16184	LINC00029	1
HGNC:38166	LINC00237	1
HGNC:16189	LINC00261	1
HGNC:16202	LINC00266-1	1
HGNC:43426	LINC00489	1
HGNC:27657	LINC00494	1
HGNC:25003	LINC00652	1
HGNC:27154	LINC00654	1
HGNC:27304	LINC00656	1
HGNC:44315	LINC00658	1
HGNC:44316	LINC00659	1
HGNC:16221	LINC00686	1
HGNC:16194	LINC00687	1
HGNC:43424	LINC00851	1
HGNC:49050	LINC01056	1
HGNC:49900	LINC01260	1
HGNC:27658	LINC01270	1
HGNC:50327	LINC01271	1
HGNC:50329	LINC01273	1
HGNC:50608	LINC01370	1
HGNC:50656	LINC01384	1
HGNC:50737	LINC01427	1
HGNC:50738	LINC01428	1
HGNC:50741	LINC01429	1
HGNC:50742	LINC01430	1
HGNC:50744	LINC01431	1
HGNC:50745	LINC01432	1
HGNC:50746	LINC01433	1
HGNC:50762	LINC01440	1
HGNC:50763	LINC01441	1
HGNC:51224	LINC01522	1
HGNC:51225	LINC01523	1
HGNC:51228	LINC01524	1
HGNC:51594	LINC01597	1
HGNC:51597	LINC01598	1
HGNC:16195	LINC01620	1
HGNC:52494	LINC01706	1
HGNC:28663	LINC01711	1
HGNC:52500	LINC01713	1
HGNC:52503	LINC01716	1
HGNC:52505	LINC01718	1
HGNC:52508	LINC01721	1
HGNC:52510	LINC01722	1
HGNC:52511	LINC01723	1
HGNC:52514	LINC01726	1
HGNC:52515	LINC01727	1
HGNC:52516	LINC01728	1
HGNC:52517	LINC01729	1
HGNC:52518	LINC01730	1
HGNC:52521	LINC01733	1
HGNC:52522	LINC01734	1
HGNC:52530	LINC01742	1
HGNC:52534	LINC01746	1
HGNC:52536	LINC01747	1
HGNC:52537	LINC01749	1
HGNC:52539	LINC01751	1
HGNC:52540	LINC01752	1
HGNC:52542	LINC01754	1
HGNC:33718	LKAAEAR1	1
HGNC:50491	LLPHP1	1
HGNC:14451	LPIN3	1
HGNC:16208	LRRN4	1
HGNC:15887	LSM14B	1
HGNC:30139	LZTS3	1
HGNC:16126	MACROD2	1
HGNC:37193	MACROD2-AS1	1
HGNC:16201	MACROD2-IT1	1
HGNC:6408	MAFB	1
HGNC:15799	MANBAL	1
HGNC:6838	MAP1LC3A	1
HGNC:6890	MAPRE1	1
HGNC:6910	MATN4	1
HGNC:29233	MAVS	1
HGNC:6931	MC3R	1
HGNC:16147	MCM8	1
HGNC:51230	MCM8-AS1	1
HGNC:49760	MCTS2P	1
HGNC:45084	MED28P7	1
HGNC:16205	MGME1	1
HGNC:53110	MHENCR	1
HGNC:31499	MIR1-1	1
HGNC:16159	MIR1-1HG	1
HGNC:26393	MIR1-1HG-AS1	1
HGNC:31491	MIR103A2	1
HGNC:35385	MIR103B2	1
HGNC:31504	MIR124-3	1
HGNC:31518	MIR133A2	1
HGNC:31617	MIR296	1
HGNC:33634	MIR298	1
HGNC:32133	MIR499A	1
HGNC:41640	MIR499B	1
HGNC:41745	MIR548AG2	1
HGNC:41882	MIR548O2	1
HGNC:32900	MIR644A	1
HGNC:32901	MIR645	1
HGNC:32902	MIR646	1
HGNC:27659	MIR646HG	1
HGNC:32903	MIR647	1
HGNC:32919	MIR663A	1
HGNC:27662	MIR663AHG	1
HGNC:33684	MIR941-1	1
HGNC:33685	MIR941-2	1
HGNC:33686	MIR941-3	1
HGNC:33687	MIR941-4	1
HGNC:50845	MIR941-5	1
HGNC:35322	MIR1257	1
HGNC:35281	MIR1289-1	1
HGNC:35364	MIR1292	1
HGNC:35297	MIR1302-5	1
HGNC:35389	MIR1825	1
HGNC:35398	MIR1914	1
HGNC:38202	MIR3192	1
HGNC:38204	MIR3193	1
HGNC:38346	MIR3194	1
HGNC:38250	MIR3195	1
HGNC:38198	MIR3196	1
HGNC:38943	MIR3616	1
HGNC:38977	MIR3617	1
HGNC:38935	MIR3646	1
HGNC:38304	MIR4325	1
HGNC:38314	MIR4326	1
HGNC:41869	MIR4532	1
HGNC:41886	MIR4533	1
HGNC:41815	MIR4755	1
HGNC:41529	MIR4756	1
HGNC:41836	MIR4758	1
HGNC:50116	MIR6812	1
HGNC:50017	MIR6813	1
HGNC:50056	MIR6869	1
HGNC:50184	MIR6870	1
HGNC:49964	MIR6871	1
HGNC:49975	MIR8062	1
HGNC:7108	MKKS	1
HGNC:7119	MKRN7P	1
HGNC:15794	MLLT10P1	1
HGNC:7176	MMP9	1
HGNC:7172	MMP24	1
HGNC:44421	MMP24OS	1
HGNC:15765	MOCS3	1
HGNC:15866	MRGBP	1
HGNC:16125	MROH8	1
HGNC:16584	MRPS11P1	1
HGNC:16541	MRPS16P2	1
HGNC:14045	MRPS26	1
HGNC:29767	MRPS33P4	1
HGNC:29776	MRPS36P6	1
HGNC:7362	MSK38	1
HGNC:16120	MT1P3	1
HGNC:52097	MTCO1P32	1
HGNC:16564	MTCO2P1	1
HGNC:52135	MTCO3P32	1
HGNC:16239	MTG2	1
HGNC:42099	MTND1P9	1
HGNC:37157	MTRNR2L3	1
HGNC:7548	MYBL2	1
HGNC:15906	MYH7B	1
HGNC:15754	MYL9	1
HGNC:16243	MYLK2	1
HGNC:7622	MYT1	1
HGNC:15908	NAA20	1
HGNC:16140	NANP	1
HGNC:15751	NAPB	1
HGNC:7670	NCOA3	1
HGNC:15909	NCOA5	1
HGNC:15936	NCOA6	1
HGNC:16724	NCOR1P1	1
HGNC:14462	NDRG3	1
HGNC:15899	NDUFAF5	1
HGNC:45258	NDUFB4P10	1
HGNC:15851	NECAB3	1
HGNC:15934	NELFCD	1
HGNC:16156	NEURL2	1
HGNC:7776	NFATC2	1
HGNC:15910	NFS1	1
HGNC:29163	NINL	1
HGNC:16191	NKAIN4	1
HGNC:51599	NKILA	1
HGNC:7835	NKX2-2	1
HGNC:37154	NKX2-2-AS1	1
HGNC:7837	NKX2-4	1
HGNC:35038	NMTRL-TAA5-1	1
HGNC:7860	NNAT	1
HGNC:16106	NOL4L	1
HGNC:44310	NOL4L-DT	1
HGNC:15911	NOP56	1
HGNC:44311	NORAD	1
HGNC:4530	NPBWR2	1
HGNC:16244	NPEPL1	1
HGNC:7921	NPM1P19	1
HGNC:16229	NRSN2	1
HGNC:51222	NRSN2-AS1	1
HGNC:15912	NSFL1C	1
HGNC:8039	NTSR1	1
HGNC:15913	NXT1	1
HGNC:16116	OCSTAMP	1
HGNC:15768	OGFR	1
HGNC:40724	OGFR-AS1	1
HGNC:8155	OPRL1	1
HGNC:15761	OSBPL2	1
HGNC:16105	OSER1	1
HGNC:48585	OSER1-AS1	1
HGNC:8517	OTOR	1
HGNC:15804	OVOL2	1
HGNC:8528	OXT	1
HGNC:16531	PA2G4P2	1
HGNC:15797	PABPC1L	1
HGNC:15916	PAK5	1
HGNC:15894	PANK2	1
HGNC:53772	PARAL1	1
HGNC:16245	PARD6B	1
HGNC:8615	PAX1	1
HGNC:16212	PCED1A	1
HGNC:16200	PCIF1	1
HGNC:8724	PCK1	1
HGNC:51751	PCMTD1P7	1
HGNC:51752	PCMTD1P8	1
HGNC:15882	PCMTD2	1
HGNC:8729	PCNA	1
HGNC:37184	PCNA-AS1	1
HGNC:8744	PCSK2	1
HGNC:16119	PDRG1	1
HGNC:8820	PDYN	1
HGNC:53462	PDYN-AS1	1
HGNC:40045	PET117	1
HGNC:8868	PFDN4	1
HGNC:16557	PGAM3P	1
HGNC:44077	PGBD4P2	1
HGNC:15833	PHACTR3	1
HGNC:16098	PHF20	1
HGNC:8928	PHKBP1	1
HGNC:8947	PI3	1
HGNC:16214	PIEZO1P1	1
HGNC:42861	PIEZO1P2	1
HGNC:45155	PIGPP3	1
HGNC:14938	PIGT	1
HGNC:15791	PIGU	1
HGNC:37607	PIRC103	1
HGNC:37608	PIRC104	1
HGNC:9019	PKIG	1
HGNC:9047	PLAGL2	1
HGNC:15917	PLCB1	1
HGNC:41414	PLCB1-IT1	1
HGNC:9059	PLCB4	1
HGNC:9065	PLCG1	1
HGNC:40450	PLCG1-AS1	1
HGNC:9093	PLTP	1
HGNC:14107	PMEPA1	1
HGNC:14988	POFUT1	1
HGNC:15763	POLR3F	1
HGNC:16440	POM121L3P	1
HGNC:16142	PPDPF	1
HGNC:16542	PPIAP2	1
HGNC:16545	PPIAP3	1
HGNC:9264	PPIAP10	1
HGNC:16334	PPIAP17	1
HGNC:16246	PPIAP21	1
HGNC:9294	PPP1R3D	1
HGNC:15850	PPP1R16B	1
HGNC:15755	PPP4R1L	1
HGNC:15892	PRELID3B	1
HGNC:32594	PREX1	1
HGNC:15748	PRND	1
HGNC:9449	PRNP	1
HGNC:18046	PRNT	1
HGNC:9452	PROCR	1
HGNC:15836	PROKR2	1
HGNC:15860	PRPF6	1
HGNC:9536	PSMA7	1
HGNC:16602	PSMD10P1	1
HGNC:9571	PSMF1	1
HGNC:9603	PTGIS	1
HGNC:9617	PTK6	1
HGNC:9626	PTMAP3	1
HGNC:16573	PTMAP6	1
HGNC:9642	PTPN1	1
HGNC:9664	PTPRA	1
HGNC:9682	PTPRT	1
HGNC:38118	PUDPP3	1
HGNC:15920	PXMP4	1
HGNC:9723	PYGB	1
HGNC:16249	R3HDML	1
HGNC:15870	RAB5IF	1
HGNC:9764	RAB22A	1
HGNC:16271	RAD21L1	1
HGNC:9828	RAE1	1
HGNC:16207	RALGAPA2	1
HGNC:29221	RALGAPB	1
HGNC:15921	RALY	1
HGNC:50743	RALY-AS1	1
HGNC:51743	RARRES2P11	1
HGNC:9883	RASSF2	1
HGNC:16144	RBBP8NL	1
HGNC:9892	RBBP9	1
HGNC:15864	RBCK1	1
HGNC:9893	RBL1	1
HGNC:9898	RBM12	1
HGNC:15818	RBM38	1
HGNC:15923	RBM39	1
HGNC:13761	RBPJL	1
HGNC:15922	REM1	1
HGNC:13735	RGS19	1
HGNC:16183	RIMS4	1
HGNC:18750	RIN2	1
HGNC:16168	RIPOR3	1
HGNC:45757	RN7SKP33	1
HGNC:45793	RN7SKP69	1
HGNC:45798	RN7SKP74	1
HGNC:45824	RN7SKP100	1
HGNC:45835	RN7SKP111	1
HGNC:45864	RN7SKP140	1
HGNC:45897	RN7SKP173	1
HGNC:45908	RN7SKP184	1
HGNC:45909	RN7SKP185	1
HGNC:45995	RN7SKP271	1
HGNC:46030	RN7SL14P	1
HGNC:46132	RN7SL116P	1
HGNC:46172	RN7SL156P	1
HGNC:46186	RN7SL170P	1
HGNC:46213	RN7SL197P	1
HGNC:46253	RN7SL237P	1
HGNC:46459	RN7SL443P	1
HGNC:46514	RN7SL498P	1
HGNC:46563	RN7SL547P	1
HGNC:46571	RN7SL555P	1
HGNC:46577	RN7SL561P	1
HGNC:46610	RN7SL594P	1
HGNC:46623	RN7SL607P	1
HGNC:46631	RN7SL615P	1
HGNC:46652	RN7SL636P	1
HGNC:46654	RN7SL638P	1
HGNC:46682	RN7SL666P	1
HGNC:46688	RN7SL672P	1
HGNC:46696	RN7SL680P	1
HGNC:46706	RN7SL690P	1
HGNC:46880	RN7SL864P	1
HGNC:41962	RNA5-8SP7	1
HGNC:43374	RNA5SP474	1
HGNC:43375	RNA5SP475	1
HGNC:43376	RNA5SP476	1
HGNC:43377	RNA5SP477	1
HGNC:43378	RNA5SP478	1
HGNC:43379	RNA5SP479	1
HGNC:43380	RNA5SP480	1
HGNC:43381	RNA5SP481	1
HGNC:43382	RNA5SP482	1
HGNC:43383	RNA5SP483	1
HGNC:43384	RNA5SP484	1
HGNC:43385	RNA5SP485	1
HGNC:43386	RNA5SP486	1
HGNC:43387	RNA5SP487	1
HGNC:53797	RNA5SP528	1
HGNC:53801	RNA5SP532	1
HGNC:16535	RNF11P2	1
HGNC:13779	RNF24	1
HGNC:13094	RNF114	1
HGNC:41964	RNU1-23P	1
HGNC:48397	RNU1-55P	1
HGNC:48436	RNU1-94P	1
HGNC:48473	RNU1-131P	1
HGNC:48476	RNU1-134P	1
HGNC:48545	RNU2-52P	1
HGNC:48549	RNU2-56P	1
HGNC:46976	RNU4-40P	1
HGNC:46893	RNU4ATAC7P	1
HGNC:34271	RNU6-27P	1
HGNC:47078	RNU6-115P	1
HGNC:47110	RNU6-147P	1
HGNC:47155	RNU6-192P	1
HGNC:47191	RNU6-228P	1
HGNC:47241	RNU6-278P	1
HGNC:47310	RNU6-347P	1
HGNC:47347	RNU6-384P	1
HGNC:47370	RNU6-407P	1
HGNC:47460	RNU6-497P	1
HGNC:47526	RNU6-563P	1
HGNC:47602	RNU6-639P	1
HGNC:47706	RNU6-743P	1
HGNC:47722	RNU6-759P	1
HGNC:47880	RNU6-917P	1
HGNC:47882	RNU6-919P	1
HGNC:47892	RNU6-929P	1
HGNC:47900	RNU6-937P	1
HGNC:47957	RNU6-994P	1
HGNC:47981	RNU6-1018P	1
HGNC:47982	RNU6-1019P	1
HGNC:48109	RNU6-1146P	1
HGNC:48122	RNU6-1159P	1
HGNC:48214	RNU6-1251P	1
HGNC:48220	RNU6-1257P	1
HGNC:46916	RNU6ATAC17P	1
HGNC:46933	RNU6ATAC34P	1
HGNC:46937	RNU6ATAC38P	1
HGNC:34102	RNU7-6P	1
HGNC:34110	RNU7-14P	1
HGNC:34168	RNU7-72P	1
HGNC:45626	RNU7-92P	1
HGNC:45671	RNU7-137P	1
HGNC:45675	RNU7-141P	1
HGNC:45678	RNU7-144P	1
HGNC:45707	RNU7-173P	1
HGNC:10103	RNU105B	1
HGNC:34061	RNY4P11	1
HGNC:16185	ROMO1	1
HGNC:16186	RPF2P1	1
HGNC:16568	RPL5P2	1
HGNC:16562	RPL7AP12	1
HGNC:16565	RPL7AP13	1
HGNC:16590	RPL7AP14	1
HGNC:16336	RPL7P2	1
HGNC:16566	RPL7P3	1
HGNC:16335	RPL12P3	1
HGNC:16587	RPL12P4	1
HGNC:15835	RPL12P11	1
HGNC:15951	RPL12P12	1
HGNC:16342	RPL13P2	1
HGNC:36387	RPL13P14	1
HGNC:16583	RPL15P1	1
HGNC:16559	RPL17P1	1
HGNC:36997	RPL17P48	1
HGNC:16595	RPL19P1	1
HGNC:16539	RPL21P2	1
HGNC:16533	RPL21P3	1
HGNC:16555	RPL23AP6	1
HGNC:36246	RPL23AP81	1
HGNC:16597	RPL24P2	1
HGNC:16250	RPL27AP	1
HGNC:16575	RPL31P2	1
HGNC:16549	RPL31P3	1
HGNC:16546	RPL35AP	1
HGNC:16338	RPL36P1	1
HGNC:16570	RPL36P2	1
HGNC:16569	RPL36P4	1
HGNC:16548	RPL37AP1	1
HGNC:16337	RPL37P1	1
HGNC:16558	RPL39P	1
HGNC:36514	RPL39P39	1
HGNC:10356	RPL41P1	1
HGNC:16585	RPLP0P1	1
HGNC:10382	RPN2	1
HGNC:16209	RPRD1B	1
HGNC:16580	RPS2P1	1
HGNC:15838	RPS2P7	1
HGNC:35835	RPS2P54	1
HGNC:16537	RPS3AP3	1
HGNC:16579	RPS3P1	1
HGNC:16603	RPS3P2	1
HGNC:16563	RPS4XP2	1
HGNC:16251	RPS4XP3	1
HGNC:16594	RPS10P2	1
HGNC:15795	RPS10P5	1
HGNC:16553	RPS11P1	1
HGNC:16598	RPS15AP1	1
HGNC:16550	RPS18P1	1
HGNC:16534	RPS19P1	1
HGNC:10409	RPS21	1
HGNC:35577	RPS21P7	1
HGNC:16572	RPS27AP2	1
HGNC:16538	RPS27AP3	1
HGNC:16560	RPSAP1	1
HGNC:10448	RRBP1	1
HGNC:37876	RSL24D1P6	1
HGNC:16175	RSPO4	1
HGNC:15888	RTEL1	1
HGNC:44095	RTEL1-TNFRSF6B	1
HGNC:15890	RTF2	1
HGNC:15924	SALL4	1
HGNC:16129	SAMD10	1
HGNC:15925	SAMHD1	1
HGNC:10566	SCAND1	1
HGNC:19065	SCAR6	1
HGNC:16211	SCP2D1	1
HGNC:15952	SCRT2	1
HGNC:31404	SDAD1P2	1
HGNC:10661	SDC4	1
HGNC:15756	SDCBP2	1
HGNC:44314	SDCBP2-AS1	1
HGNC:10702	SEC23B	1
HGNC:15897	SEL1L2	1
HGNC:10742	SEMG1	1
HGNC:10743	SEMG2	1
HGNC:51706	SEPT14P20	1
HGNC:11699	SERINC3	1
HGNC:16576	SF3A3P1	1
HGNC:13900	SGK2	1
HGNC:11127	SIGLEC1	1
HGNC:9662	SIRPA	1
HGNC:15928	SIRPB1	1
HGNC:16247	SIRPB2	1
HGNC:49209	SIRPB3P	1
HGNC:16248	SIRPD	1
HGNC:15757	SIRPG	1
HGNC:51229	SIRPG-AS1	1
HGNC:17329	SLA2	1
HGNC:15930	SLC2A4RG	1
HGNC:13444	SLC2A10	1
HGNC:16438	SLC4A11	1
HGNC:20728	SLC9A8	1
HGNC:13818	SLC12A5	1
HGNC:53143	SLC12A5-AS1	1
HGNC:14430	SLC13A3	1
HGNC:16192	SLC17A9	1
HGNC:10973	SLC23A2	1
HGNC:10977	SLC24A3	1
HGNC:16554	SLC25A6P1	1
HGNC:11018	SLC32A1	1
HGNC:17117	SLC35C2	1
HGNC:16187	SLC52A3	1
HGNC:10953	SLCO4A1	1
HGNC:40537	SLCO4A1-AS1	1
HGNC:11092	SLPI	1
HGNC:16225	SLX4IP	1
HGNC:20975	SMAN1	1
HGNC:50328	SMIM25	1
HGNC:43430	SMIM26	1
HGNC:15862	SMOX	1
HGNC:11128	SNAI1	1
HGNC:16561	SNAP23P1	1
HGNC:11132	SNAP25	1
HGNC:44312	SNAP25-AS1	1
HGNC:25046	SNHG11	1
HGNC:48600	SNHG17	1
HGNC:32644	SNORA51	1
HGNC:32654	SNORA60	1
HGNC:10232	SNORA71A	1
HGNC:10233	SNORA71B	1
HGNC:32656	SNORA71C	1
HGNC:32657	SNORA71D	1
HGNC:32632	SNORA71E	1
HGNC:51855	SNORA117	1
HGNC:32708	SNORD12	1
HGNC:10105	SNORD12C	1
HGNC:32713	SNORD17	1
HGNC:10206	SNORD56	1
HGNC:10207	SNORD57	1
HGNC:32745	SNORD86	1
HGNC:32775	SNORD110	1
HGNC:33558	SNORD119	1
HGNC:51868	SNORD154	1
HGNC:15931	SNPH	1
HGNC:11153	SNRPB	1
HGNC:11155	SNRPB2	1
HGNC:16551	SNRPFP1	1
HGNC:11167	SNTA1	1
HGNC:14969	SNX5	1
HGNC:16154	SNX21	1
HGNC:16069	SOCS2P1	1
HGNC:16111	SOGA1	1
HGNC:11198	SOX12	1
HGNC:11194	SOX18	1
HGNC:11214	SPAG4	1
HGNC:14681	SPATA2	1
HGNC:16158	SPATA25	1
HGNC:15874	SPEF1	1
HGNC:11248	SPINT3	1
HGNC:16130	SPINT4	1
HGNC:16161	SPINT5P	1
HGNC:11250	SPO11	1
HGNC:16253	SPTLC3	1
HGNC:11283	SRC	1
HGNC:16552	SRMP1	1
HGNC:11298	SRMS	1
HGNC:10788	SRSF6	1
HGNC:24823	SRSF10P2	1
HGNC:16132	SRXN1	1
HGNC:15592	SS18L1	1
HGNC:11333	SSTR4	1
HGNC:11370	STAU1	1
HGNC:11408	STK4	1
HGNC:43811	STK4-AS1	1
HGNC:16254	STK35	1
HGNC:15926	STMN3	1
HGNC:11431	STX16	1
HGNC:41993	STX16-NPEPL1	1
HGNC:20392	SULF2	1
HGNC:33148	SUMO1P1	1
HGNC:16252	SUN5	1
HGNC:11490	SYCP2	1
HGNC:15885	SYNDIG1	1
HGNC:16162	SYS1	1
HGNC:33535	SYS1-DBNDD2	1
HGNC:11537	TAF4	1
HGNC:16536	TARDBPP1	1
HGNC:15859	TASP1	1
HGNC:16133	TBC1D20	1
HGNC:11614	TCEA2	1
HGNC:11627	TCF15	1
HGNC:11646	TCFL5	1
HGNC:11744	TFAP2C	1
HGNC:15764	TGIF2	1
HGNC:44664	TGIF2-C20orf24	1
HGNC:11778	TGM2	1
HGNC:11779	TGM3	1
HGNC:16255	TGM6	1
HGNC:11784	THBD	1
HGNC:16112	TLDC2	1
HGNC:30797	TM9SF4	1
HGNC:16527	TMC2	1
HGNC:15893	TMEM74B	1
HGNC:16735	TMEM189	1
HGNC:33521	TMEM189-UBE2V1	1
HGNC:15876	TMEM230	1
HGNC:40044	TMEM239	1
HGNC:11888	TMSB4XP6	1
HGNC:25237	TMX4	1
HGNC:11921	TNFRSF6B	1
HGNC:11944	TNNC2	1
HGNC:15746	TOMM34	1
HGNC:11986	TOP1	1
HGNC:16095	TOX2	1
HGNC:16104	TP53INP2	1
HGNC:16197	TP53RK	1
HGNC:15856	TP53TG5	1
HGNC:12007	TPD52L2	1
HGNC:16556	TPM3P2	1
HGNC:1249	TPX2	1
HGNC:35109	TRE-CTC10-1	1
HGNC:44307	TRERNA1	1
HGNC:35054	TRI-AAT12-1	1
HGNC:16228	TRIB3	1
HGNC:34998	TRL-AAG6-1	1
HGNC:20900	TRMT6	1
HGNC:16181	TRPC4AP	1
HGNC:34868	TRQ-CTG17-1	1
HGNC:35060	TRS-AGA7-1	1
HGNC:35050	TRV-CAC14-1	1
HGNC:13010	TSHZ2	1
HGNC:16256	TSPY26P	1
HGNC:29029	TTI1	1
HGNC:16118	TTLL9	1
HGNC:16114	TTPAL	1
HGNC:16257	TUBB1	1
HGNC:15937	UBE2C	1
HGNC:33349	UBE2D3P1	1
HGNC:12494	UBE2V1	1
HGNC:16581	UBE2V1P1	1
HGNC:17777	UBOX5	1
HGNC:44111	UBOX5-AS1	1
HGNC:15938	UCKL1	1
HGNC:31967	UCKL1-AS1	1
HGNC:15891	UQCC1	1
HGNC:12649	VAPB	1
HGNC:37432	VN1R108P	1
HGNC:14584	VPS16	1
HGNC:16096	VSTM2L	1
HGNC:12723	VSX1	1
HGNC:15939	WFDC2	1
HGNC:15957	WFDC3	1
HGNC:20477	WFDC5	1
HGNC:16164	WFDC6	1
HGNC:16163	WFDC8	1
HGNC:20380	WFDC9	1
HGNC:16139	WFDC10A	1
HGNC:20479	WFDC10B	1
HGNC:20478	WFDC11	1
HGNC:16115	WFDC12	1
HGNC:16131	WFDC13	1
HGNC:12770	WISP2	1
HGNC:23062	XKR7	1
HGNC:16586	XPOTP1	1
HGNC:12836	XRN2	1
HGNC:15867	YTHDF1	1
HGNC:12849	YWHAB	1
HGNC:16176	ZBP1	1
HGNC:16094	ZBTB46	1
HGNC:40753	ZBTB46-AS1	1
HGNC:16230	ZCCHC3	1
HGNC:33101	ZFAS1	1
HGNC:15940	ZFP64	1
HGNC:15948	ZGPAT	1
HGNC:15935	ZHX3	1
HGNC:9397	ZMYND8	1
HGNC:12917	ZNF133	1
HGNC:13009	ZNF217	1
HGNC:15806	ZNF334	1
HGNC:15807	ZNF335	1
HGNC:15809	ZNF337	1
HGNC:40759	ZNF337-AS1	1
HGNC:15992	ZNF341	1
HGNC:50736	ZNF341-AS1	1
HGNC:16017	ZNF343	1
HGNC:29212	ZNF512B	1
HGNC:25342	ZNF663P	1
HGNC:16167	ZNF831	1
HGNC:34344	ZNF840P	1
HGNC:38697	ZNF877P	1
HGNC:29271	ZNFX1	1
HGNC:16155	ZSWIM1	1
HGNC:16157	ZSWIM3	1
